bK,CostRate,Status,Range,pSizeM,pSizeSD,pSizeU,pSizeL,cPropM,cPropSD,cPropU,cPropL,cDegM,cDegSD,cDegU,cDegL,resM,resSD,rSizeM,rSizeSD,rSizeU,rSizeL
2.5,0.7,Social,0.0,0.0,0.0,0.0,0.0,,,,,,,,,1.0,0.0,0.0,0.0,0.0,0.0
2.5,0.7,Social,2.0,0.0,0.0,0.0,0.0,,,,,,,,,1.0,7.18616033239616e-15,0.0,0.0,0.0,0.0
2.5,0.7,Social,0.0,0.0,0.0,0.0,0.0,,,,,,,,,2.0,0.0,0.0,0.0,0.0,0.0
2.5,0.7,Social,2.0,0.0,0.0,0.0,0.0,,,,,,,,,2.0,1.3372868682203156e-14,0.0,0.0,0.0,0.0
2.5,0.7,Social,4.0,0.0,0.0,0.0,0.0,,,,,,,,,2.0,1.2869277865762194e-14,0.0,0.0,0.0,0.0
2.5,0.7,Social,0.0,1.5,8.618162639027373,3.1891288518638645,-0.18912885186386447,0.9663143333333334,0.029447841624359095,0.972086004279478,0.9605426623871888,0.3865256666666667,0.01177918020633582,0.3888343435820598,0.3842169897512736,3.0,0.0,1.28,7.329502029469667,2.716556011568749,-0.15655601156874874
2.5,0.7,Social,2.0,0.0,0.0,0.0,0.0,,,,,,,,,3.0,1.940674937773656e-14,0.0,0.0,0.0,0.0
2.5,0.7,Social,4.0,0.0,0.0,0.0,0.0,,,,,,,,,3.0,2.146907500197028e-14,0.0,0.0,0.0,0.0
2.5,0.7,Social,6.0,0.0,0.0,0.0,0.0,,,,,,,,,3.0,1.5411193668115694e-14,0.0,0.0,0.0,0.0
2.5,0.7,Social,0.0,381.03,63.05368163459426,393.38829460712657,368.6717053928734,0.9843089000000006,0.01431376480027444,0.9871143463713012,0.9815034536287,0.2816433910000001,0.0785971869881815,0.2970481566998105,0.2662386253001897,4.0,0.0,256.93,32.650652367142676,263.32941032161153,250.53058967838857
2.5,0.7,Social,2.0,377.74,72.11741548448347,391.874753812263,363.60524618773695,0.98529299,0.015395061140675969,0.9883103665613524,0.9822756134386476,0.280080367,0.07211831181646151,0.2942152964901039,0.2659454375098961,4.0,3.0950028817697196e-14,255.95,36.278471577507226,263.06044982669374,248.83955017330624
2.5,0.7,Social,4.0,272.64,143.8344671467654,300.8310377566843,244.4489622433157,0.9881567977528091,0.02204312514562996,0.992477170926102,0.983836424579516,0.2751312101123597,0.08104382054391378,0.29101550718121283,0.2592469130435065,4.0,2.6697156236616506e-14,191.26,89.81821864187687,208.86404750822075,173.65595249177926
2.5,0.7,Social,6.0,182.79,173.17716128843085,216.73210017475182,148.8478998252482,0.9906382153846152,0.01337844738807102,0.9932603429102664,0.9880160878589641,0.35337878461538463,0.07944709218099416,0.3689501286733277,0.3378074405574416,4.0,2.854815650219433e-14,127.31,110.78733637018264,149.02391909414487,105.59608090585512
2.5,0.7,Social,8.0,0.0,0.0,0.0,0.0,,,,,,,,,4.0,2.0260233663253066e-14,0.0,0.0,0.0,0.0
2.5,0.7,Social,0.0,588.71,52.92233589292556,599.0825873146042,578.3374126853959,0.96700935,0.030319878491592768,0.9729519370327896,0.9610667629672104,0.180800429,0.04557497300212147,0.189732959638513,0.17186789836148694,5.0,0.0,345.01,20.259069573897023,348.98070470383334,341.0392952961666
2.5,0.7,Social,2.0,605.13,75.85454648353138,619.9972180344048,590.2627819655952,0.9704854700000004,0.023710277421471297,0.97513259901761,0.9658383409823909,0.195476244,0.04724800412856391,0.20473668271638365,0.18621580528361634,5.0,3.2160258258601987e-14,350.06,24.79347494805841,354.9194318333097,345.20056816669035
2.5,0.7,Social,4.0,574.83,116.08400432706507,597.5820469456893,552.0779530543109,0.97569328,0.019724114672597538,0.9795591354690162,0.9718274245309836,0.211666479,0.047847895865300326,0.22104449433717374,0.20228846366282627,5.0,3.7960647109641745e-14,336.49,40.5204874106914,344.4318696587408,328.5481303412592
2.5,0.7,Social,6.0,571.63,165.52662546362063,604.072622695018,539.187377304982,0.9776460100000004,0.02323571452190213,0.9822001263977208,0.9730918936022798,0.23760868100000002,0.05313145113082278,0.2480222541484172,0.2271951078515828,5.0,3.917738322509665e-14,330.4,58.40051369637085,341.8462904426394,318.95370955736064
2.5,0.7,Social,8.0,515.04,254.56605659772703,564.9340306553507,465.1459693446492,0.9814829255319149,0.019185663784291058,0.9852432465652462,0.9777226044985832,0.2627416361702128,0.06648299560150273,0.27577206396932313,0.2497112083711024,5.0,4.184060511422048e-14,294.57,109.56461609479588,316.044270321962,273.09572967803797
2.5,0.7,Social,10.0,133.25,253.4720662791827,182.9296124912812,83.5703875087188,0.9761639285714284,0.029354758745929868,0.9819173556084992,0.9704105015343576,0.351546,0.05249886987989995,0.3618355895005289,0.3412564104994712,5.0,3.5872112061159106e-14,77.06,137.6025304999875,104.02960060888776,50.09039939111225
2.5,0.7,Social,0.0,750.67,40.488695267252616,758.6056385130785,742.7343614869214,0.91783192,0.060075603997548827,0.9296065221113452,0.9060573178886551,0.10582111599999998,0.027365468031199647,0.1111846492184302,0.10045758278156976,6.0,0.0,393.84,11.666807618196163,396.126652292659,391.55334770734095
2.5,0.7,Social,2.0,762.52,86.67313262592926,779.5076219714048,745.5323780285953,0.91947113,0.058432146012528025,0.93092362026273,0.9080186397372702,0.116936471,0.03673962411161121,0.12413730506322898,0.109735636936771,6.0,4.6776346316474725e-14,396.85,22.508831600063118,401.2616499618186,392.4383500381814
2.5,0.7,Social,4.0,783.1,139.25556043157172,810.3935885245704,755.8064114754295,0.9239976999999999,0.049666998437879084,0.93373225289263,0.91426314710737,0.14201391299999996,0.04417223460176385,0.15067151196190112,0.1333563140380988,6.0,4.662301301765257e-14,396.61,32.478576015582945,402.9756839761807,390.24431602381935
2.5,0.7,Social,6.0,779.73,172.43671683586211,813.5269757276483,745.9330242723516,0.9518967099999998,0.029312160471741268,0.9576417879286834,0.946151632071316,0.16569611899999998,0.041721021020367635,0.17387328892431636,0.1575189490756836,6.0,4.7817018527611194e-14,393.67,41.47458378332445,401.79886911303004,385.54113088697005
2.5,0.7,Social,8.0,737.18,258.00334270796736,787.7477263587277,686.6122736412719,0.97120427,0.02854415015759435,0.976798820671948,0.9656097193280522,0.177297342,0.03736087935030865,0.18461993985349484,0.16997474414650515,6.0,4.875276910307348e-14,373.44,77.53790298944124,388.63714984947967,358.24285015052027
2.5,0.7,Social,10.0,634.93,262.1655447008299,686.3135029654018,583.5464970345982,0.9770008888888888,0.02547304282757934,0.98199351358014,0.9720082641976372,0.2108938606060606,0.046809359625953,0.22006832657905276,0.20171939463306848,6.0,4.09443426445962e-14,338.97,92.8717885043677,357.17253620841745,320.76746379158266
2.5,0.7,Social,12.0,402.33,418.86011876390086,484.425075381297,320.2349246187029,0.9731042499999996,0.03316481216303697,0.9796044337906312,0.9666040662093682,0.270493625,0.040918369286076714,0.2785134780739416,0.2624737719260584,6.0,3.711155493394284e-14,205.89,181.1783593589477,241.40030619226002,170.3796938077399
2.5,0.7,Social,0.0,923.98,37.03560394533832,931.2388450451123,916.721154954888,0.7098386181999998,0.1830788033199099,0.7457214045670102,0.6739558318329895,0.07226752089999999,0.017799555594518866,0.07575616971812554,0.06877887208187444,7.0,0.0,432.13,10.033598556848883,434.0965491961876,430.1634508038124
2.5,0.7,Social,2.0,928.97,68.32283067847227,942.3610288507899,915.57897114921,0.77566741,0.12392581457991247,0.7999564235247303,0.7513783964752696,0.07861225399999999,0.011986673129337422,0.08096159878132686,0.07626290921867313,7.0,5.936464564274661e-14,433.99,14.27269771276615,436.7873973699904,431.1926026300096
2.5,0.7,Social,4.0,889.94,124.02417652875734,914.248292112601,865.6317078873991,0.8428291099999999,0.10097877515826048,0.8626205864074284,0.8230376335925714,0.08485628199999999,0.010061694410072932,0.08682833788227443,0.08288422611772557,7.0,4.918879292676274e-14,424.08,24.441227465084484,428.8703925947377,419.2896074052623
2.5,0.7,Social,6.0,904.98,181.1575562929137,940.4862288662083,869.4737711337916,0.8952338900000002,0.07596388170449192,0.9101225373441064,0.8803452426558939,0.09044299899999997,0.006395763814005678,0.09169654568279534,0.08918945231720457,7.0,5.180022193613958e-14,422.24,33.97061082759626,428.8981174280098,415.5818825719902
2.5,0.7,Social,8.0,843.36,241.4646604002794,890.6862041656772,796.0337958343229,0.91671609,0.0697839676693629,0.9303934964409116,0.9030386835590885,0.100627215,0.02311271078466633,0.10515722310803577,0.09609720689196423,7.0,4.804224997321395e-14,404.87,50.125772811997614,414.69447101836937,395.04552898163064
2.5,0.7,Social,10.0,842.25,288.48123286822613,898.7912831097341,785.7087168902659,0.9362203799999996,0.05521377617269154,0.9470420813602528,0.9253986786397465,0.15506735800000002,0.0429975851458895,0.1634947298972878,0.14663998610271214,7.0,5.5507639484750884e-14,398.85,62.71385413128426,411.14168963985685,386.5583103601432
2.5,0.7,Social,12.0,893.06,372.2562878426419,966.0208922945217,820.0991077054782,0.96039795959596,0.034593863911168886,0.9671782323846391,0.9536176868072809,0.18063798686868685,0.032490154107676084,0.18700594010923655,0.17427003362813712,7.0,5.924924634394911e-14,398.32,87.25192032270692,415.42106227633735,381.21893772366263
2.5,0.7,Social,14.0,695.07,496.45936806692873,792.374248887393,597.7657511126071,0.9428905491666664,0.11674355138678673,0.9657718649616917,0.9200092333716412,0.21786702654761905,0.04868124180171165,0.22740837468828398,0.20832567840695404,7.0,6.606970717979094e-14,314.35,167.3417685456921,347.14838420458887,281.5516157954111
2.5,0.7,Social,0.0,1031.25,30.68325473629095,1037.263807468596,1025.236192531404,0.0374275224,0.05530049667623664,0.048266220666754345,0.026588824133245655,0.006342487220000003,0.006036099175013513,0.007525540928345621,0.005159433511654385,8.0,0.0,450.5,8.668909966079934,452.1990751452758,448.8009248547242
2.5,0.7,Social,2.0,1019.83,73.85148282297054,1034.304624767964,1005.355375232036,0.07072776889999997,0.08511672550190122,0.08741034067816081,0.05404519712183914,0.010098655490000002,0.009348821219825906,0.011930990793329488,0.008266320186670516,8.0,5.210281482742322e-14,448.74,12.680394315635455,451.2253116364449,446.254688363555
2.5,0.7,Social,4.0,1024.3,145.58877329344767,1052.834875445932,995.7651245540679,0.08326071592999998,0.1129088917100518,0.10539045223315996,0.061130979626839985,0.01095071182,0.011495736155313144,0.013203834721791218,0.00869758891820878,8.0,5.632439425333322e-14,447.96,21.85219439781735,452.2429514340723,443.67704856592763
2.5,0.7,Social,6.0,953.0,175.80562039256927,987.45726869671,918.54273130329,0.1844641732,0.19210111276328296,0.22211529973759747,0.14681304666240247,0.02092779076,0.019325725507218016,0.0247155633868029,0.017140018133197092,8.0,5.300992110266738e-14,433.67,29.989349776212226,439.54780459447835,427.7921954055216
2.5,0.7,Social,8.0,984.89,237.34243662316737,1031.408263145369,938.3717368546312,0.6222934191999999,0.2586258394174689,0.6729831526728021,0.5716036857271979,0.06374325129999997,0.0250782910567944,0.06865850606528387,0.05882799653471608,8.0,5.82214529249992e-14,435.3,39.999374995117115,443.13973350129305,427.46026649870697
2.5,0.7,Social,10.0,1047.24,307.17655634451785,1107.445499207923,987.0345007920772,0.8435303999999999,0.11625004269863452,0.8663149898687785,0.8207458101312213,0.08492532799999998,0.011319605182937785,0.08714392986527712,0.08270672613472284,8.0,6.463106184315689e-14,441.06,44.366613573722304,449.7556965406407,432.3643034593593
2.5,0.7,Social,12.0,1010.56,374.5080360832183,1083.9622268433811,937.1577731566192,0.9156322300000004,0.06884642706527068,0.929125881857656,0.9021385781423448,0.09451669299999996,0.013114987499235444,0.09708718333589512,0.09194620266410483,8.0,5.974509313674647e-14,426.18,65.34254050769682,438.98690270636274,413.37309729363733
2.5,0.7,Social,14.0,1003.44,465.88979318497564,1094.7527222609997,912.1272777390004,0.9141102300000002,0.08240822574624172,0.930261945576651,0.8979585144233495,0.15866698499999998,0.03957529961266493,0.1664236012530037,0.15091036874699626,8.0,6.023281956905908e-14,411.01,92.50259401768149,429.1401754181271,392.87982458187287
2.5,0.7,Social,16.0,800.58,550.428926961841,908.4620881403838,692.6979118596163,0.9095216847826084,0.10989194964284754,0.9310601113015878,0.8879832582636291,0.16535164239130434,0.04002417515378863,0.17319623663441638,0.15750704814819236,8.0,6.615121459317005e-14,340.78,155.33045934394198,371.22421084175903,310.3357891582409
2.5,0.7,Social,0.0,1210.58,33.87087184581996,1217.218568946642,1203.941431053358,0.01545060027999999,0.0187373470390132,0.01912305284519724,0.011778147714802744,0.0037234376099999967,0.0028188212963123683,0.004275916436320555,0.0031709587836794397,9.0,0.0,474.18,6.867867208966698,475.5260772486355,472.8339227513645
2.5,0.7,Social,2.0,1204.56,71.15743251425111,1218.506600606036,1190.6133993939638,0.01834003717000001,0.01898361105203276,0.02206075659519864,0.014619317744801371,0.0040648465110000006,0.0028630364881698234,0.004625991355749927,0.0035037016662500717,9.0,5.5837477201887294e-14,473.77,9.119051485763196,475.5573012626242,471.9826987373757
2.5,0.7,Social,4.0,1170.59,120.50953229407776,1194.209434495323,1146.9705655046769,0.01980657918000001,0.022986771216524975,0.024311903586062517,0.015301254773937487,0.00432924402,0.0034095707310827787,0.004997507608837593,0.003660980431162407,9.0,6.280150731647352e-14,468.9,13.816294727603347,471.6079440279492,466.1920559720508
2.5,0.7,Social,6.0,1177.8,199.28214605772823,1216.8585832115891,1138.741416788411,0.025247538709999996,0.034471967506082,0.03200392024210905,0.018491157177890943,0.004679495850000002,0.0041381777987438695,0.005490563801113724,0.003868427898886279,9.0,6.80229175059426e-14,465.87,24.143179160997004,470.6019762001104,461.1380237998896
2.5,0.7,Social,8.0,1179.2,281.7930324392588,1234.4304199031778,1123.969580096822,0.03564164377,0.0453646800532416,0.04453295774758717,0.02675032979241284,0.006036673139999999,0.005054503312705921,0.0070273375930784325,0.005046008686921564,9.0,6.917625512092294e-14,462.7,33.13080137877742,469.1935177993554,456.2064822006446
2.5,0.7,Social,10.0,1114.62,287.13547923296323,1170.8975202419354,1058.3424797580644,0.06486567309000002,0.10393628552667376,0.08523681088260017,0.044494535297399856,0.008797520899999998,0.010557972111830191,0.010866845425219112,0.006728196374780882,9.0,6.96945047705305e-14,452.16,38.80405133487997,459.7654543670517,444.55454563294836
2.5,0.7,Social,12.0,1159.52,413.2314996744952,1240.5118863028022,1078.5281136971978,0.3118550882999999,0.27786196111974504,0.3663150323764099,0.25739514422358994,0.03339214029000001,0.026917106756764408,0.03866779631274151,0.02811648426725851,9.0,6.719115842954748e-14,447.65,57.77687686263424,458.9740598683196,436.3259401316804
2.5,0.7,Social,14.0,1075.18,410.38827094508065,1155.6146237074604,994.7453762925396,0.8022171399999998,0.16015649165365886,0.8336072358007469,0.7708270441992526,0.08098965699999999,0.015283665224447338,0.08398520036279686,0.07799411363720313,9.0,7.245732005905875e-14,435.83,65.76550083440404,448.7198014077402,422.94019859225983
2.5,0.7,Social,16.0,1080.19,571.7492509479973,1192.250794888504,968.1292051114959,0.8732355299999999,0.10227483001232313,0.8932810284930272,0.8531900315069726,0.09120845300000002,0.018154854692943975,0.09476673916234014,0.0876501668376599,9.0,8.186894543479923e-14,415.03,93.99419716131418,433.45252426450776,396.6074757354922
2.5,0.7,Social,18.0,795.35,636.6908511192772,920.1391147323143,670.5608852676856,0.8390581975308641,0.15473146733837145,0.8693850080959024,0.8087313869658256,0.1227252037037037,0.04579037250899593,0.13169995187012587,0.11375045553728153,9.0,6.970739419388514e-14,316.42,184.86363514764062,352.6526069798511,280.187393020149
2.5,0.7,Social,0.0,1397.22,35.19055773265541,1404.1172226295926,1390.3227773704075,0.013467532360000001,0.015972737574310628,0.016598131422709616,0.010336933297290385,0.0032778935460000013,0.0022284411966659594,0.003714659998158221,0.002841127093841781,10.0,0.0,490.72,5.875508488633133,491.8715785119416,489.56842148805845
2.5,0.7,Social,2.0,1400.16,76.07156651682173,1415.0697531796575,1385.2502468203425,0.012192719190000005,0.01221309116269236,0.014586441090759522,0.009798997289240488,0.0029119353389999987,0.0019747627459356094,0.003298981728057493,0.002524888949942505,10.0,7.009621041907379e-14,490.91,7.519434819186878,492.38378215459534,489.4362178454048
2.5,0.7,Social,4.0,1377.86,143.2746899060569,1405.9413234327035,1349.7786765672965,0.013787269690000006,0.013168589508476243,0.016368265826739118,0.011206273553260893,0.0031736987100000006,0.0018006324961044491,0.0035266161969594867,0.002820781223040514,10.0,7.205772647670047e-14,488.61,11.652377439818881,490.8938240296457,486.3261759703543
2.5,0.7,Social,6.0,1362.83,184.72841408320753,1399.036104138018,1326.623895861982,0.012196063199999994,0.01282570361957178,0.01470985493690303,0.009682271463096956,0.0031295836199999997,0.002116092298148197,0.0035443300925047726,0.002714837147495226,10.0,6.92350129998765e-14,485.82,15.57201335730226,488.8720585587831,482.76794144121686
2.5,0.7,Social,8.0,1301.73,264.27319255465596,1353.5265943572194,1249.9334056427804,0.017350587389999998,0.02215533486889171,0.021692953265097244,0.01300822151490275,0.0038126981400000014,0.0028319360329933266,0.004367747407496975,0.0032576488725030287,10.0,7.888796029570989e-14,476.71,24.512158207713984,481.5142947649424,471.9057052350576
2.5,0.7,Social,10.0,1315.79,320.4135362971175,1378.5898996255044,1252.9901003744956,0.0174849062,0.0210709425111215,0.02161473507678677,0.013355077323213229,0.0036893205400000007,0.003064054909820201,0.004289864271727085,0.003088776808272917,10.0,8.094556740185872e-14,474.55,35.29118161807564,481.466944548889,467.6330554511111
2.5,0.7,Social,12.0,1289.63,412.02852835916366,1370.386108255694,1208.873891744306,0.024672846660000004,0.027058170372436505,0.029976150643584217,0.019369542676415788,0.005199017451,0.00396528731751208,0.005976199490198024,0.004421835411801975,10.0,8.101622813874487e-14,466.65,43.56498020199252,475.18857928566183,458.1114207143381
2.5,0.7,Social,14.0,1236.65,458.0330228269574,1326.4228235552016,1146.8771764447984,0.040599545840000015,0.05703670823291668,0.051778535321502034,0.029420556358497982,0.006413996690000002,0.006296999255235905,0.00764818587482892,0.0051798075051710845,10.0,8.037062104685315e-14,455.19,54.82658023258428,465.9358123498977,444.4441876501023
2.5,0.7,Social,16.0,1140.09,464.54683240223403,1231.1395067822411,1049.0404932177587,0.18269796494000004,0.2153156622034285,0.2248990595954881,0.14049687028451194,0.02127888632999999,0.021132657014684367,0.025420811027312883,0.017136961632687103,10.0,7.052559718406535e-14,441.43,62.58198702502182,453.69584416175104,429.1641558382489
2.5,0.7,Social,18.0,1190.86,652.4420330302505,1318.73628968261,1062.9837103173898,0.5962677839,0.28599401759354554,0.6523215817698717,0.5402139860301284,0.0612065586,0.02756275179499912,0.06660875872591338,0.055804358474086636,10.0,7.883611526206095e-14,424.39,93.34815423992056,442.6859021776692,406.09409782233075
2.5,0.7,Social,20.0,992.26,693.9601132542697,1128.2736839414292,856.2463160585708,0.5394220724468084,0.34314548665988354,0.6066773525083936,0.4721667923852232,0.057746176393617,0.034431841886506644,0.06449469344874151,0.050997659338492485,10.0,7.757791169344583e-14,374.77,144.2729257345258,403.0469740614344,346.4930259385656
2.5,0.7,Social,0.0,1571.37,33.963930659724696,1578.0268081391555,1564.7131918608445,0.00962990718,0.007533475336641306,0.011106441225470484,0.008153373134529518,0.002809173490000001,0.0016938701665437526,0.003141165944709977,0.002477181035290025,11.0,0.0,501.81,5.088604916870635,502.80734824472887,500.81265175527113
2.5,0.7,Social,2.0,1567.07,71.99526569732404,1581.180812893719,1552.9591871062812,0.010778975120000001,0.010994551451355935,0.01293386762408054,0.00862408261591946,0.002820128701000001,0.001916182830934713,0.003195693637605013,0.002444563764394989,11.0,8.052530661317715e-14,501.84,6.309865291747519,503.0767108816674,500.6032891183325
2.5,0.7,Social,4.0,1582.21,148.29872221331175,1611.276015678409,1553.1439843215908,0.009777333000000004,0.009382696518769449,0.01161630773997135,0.007938358260028658,0.0026796061299999984,0.0014242238049048009,0.0029587488685556412,0.002400463391444355,11.0,8.178975718970007e-14,500.6,9.349866309204641,502.43254013708537,498.7674598629147
2.5,0.7,Social,6.0,1503.01,190.11461163086742,1540.2717794670484,1465.7482205329516,0.01177447757,0.009050218174031422,0.013548287751324729,0.010000667388675269,0.0030652086370000003,0.0016765395356196226,0.003393804350439118,0.0027366129235608825,11.0,8.377371844744543e-14,495.4,12.22947259696836,497.79693260290435,493.00306739709566
2.5,0.7,Social,8.0,1514.04,249.3629831665826,1562.9142469939109,1465.1657530060888,0.011494114169999998,0.01021908805570032,0.013497018640200259,0.009491209699799736,0.003006349779999999,0.0019016781406553454,0.0033790718495271405,0.002633627710472858,11.0,7.225286355719451e-14,495.74,15.529082394011569,498.78364424452974,492.69635575547034
2.5,0.7,Social,10.0,1498.53,320.4769947147753,1561.342337246915,1435.717662753085,0.015114572179999997,0.01893145369610884,0.018825068951204026,0.01140407540879597,0.0032657255500000005,0.00251814934879142,0.003759273757025463,0.002772177342974538,11.0,7.884867720343428e-14,492.09,22.574363778410234,496.5144940328588,487.6655059671411
2.5,0.7,Social,12.0,1454.05,373.2383368045223,1527.2033703556738,1380.896629644326,0.017131299,0.01788869610206251,0.020637419036698284,0.013625178963301714,0.0038658696300000006,0.00254027152375905,0.004363753703679289,0.003367985556320713,11.0,8.758209913792878e-14,486.1,27.239493387359467,491.4388426417463,480.7611573582538
2.5,0.7,Social,14.0,1472.87,457.6356156011753,1562.564933169614,1383.1750668303855,0.018227728100000003,0.019791162163448627,0.022106724635852143,0.014348731564147859,0.004092625260000001,0.0029923631624860485,0.004679117667339881,0.00350613285266012,11.0,8.830613786201536e-14,479.92,46.184776712678826,488.9720499704889,470.8679500295111
2.5,0.7,Social,16.0,1414.17,580.0352663433665,1527.8548240763412,1300.485175923659,0.023545194299999985,0.031135556187373577,0.029647651224722925,0.017442737375277042,0.00473300364,0.003955438651454569,0.005508255376105949,0.00395775190389405,11.0,7.953125564231266e-14,467.28,54.87478109295744,478.0352595450077,456.52474045499224
2.5,0.7,Social,18.0,1314.47,559.2400950749096,1424.07904537034,1204.86095462966,0.026724055640000008,0.035735811048578044,0.03372814595660153,0.019719965323398488,0.005178168319999999,0.005579638689118223,0.00627175741636789,0.004084579223632108,11.0,8.249560752474204e-14,456.53,60.99122149949122,468.4840598455028,444.57594015449706
2.5,0.7,Social,20.0,1073.48,630.8379785265906,1197.121972774489,949.8380272255107,0.058154530779999984,0.10668823551510864,0.07906504086331342,0.03724402069668655,0.00957641657,0.012095132584687248,0.011947019014121395,0.007205814125878607,11.0,7.94063560258736e-14,405.72,113.85544167935059,428.0352566895627,383.40474331043737
2.5,0.7,Social,22.0,1139.06,699.9047095314063,1276.2388034112014,1001.8811965887987,0.07898708904255318,0.14319259944545462,0.10705232304050427,0.05092185504460208,0.011399239723404259,0.015462387893243591,0.014429812085883587,0.00836866736092493,11.0,9.088097033854602e-14,397.66,151.0610618260047,427.26742429807433,368.05257570192566
2.5,0.7,Social,0.0,1743.87,32.647073592305546,1750.2687088946268,1737.471291105373,0.00917718268,0.006601585015470986,0.01047106957732626,0.007883295782673744,0.0025787831200000002,0.00138148387991113,0.002849548987120613,0.002308017252879386,12.0,0.0,509.81,4.642617796028444,510.71993637459747,508.90006362540254
2.5,0.7,Social,2.0,1747.64,73.9000854279792,1762.1241507035763,1733.1558492964236,0.0089618973,0.007811391749623663,0.01049290196191594,0.007430892638084061,0.0025904308399999987,0.0017152244200211249,0.0029266086515162275,0.0022542530284837712,12.0,9.531014514658096e-14,509.38,4.9553607335894325,510.35123286448487,508.4087671355151
2.5,0.7,Social,4.0,1723.82,143.0083263804643,1751.849117140596,1695.7908828594036,0.010139870850000005,0.007567061086507155,0.011622987581535495,0.008656754118464512,0.0027346470550000013,0.0014914244024938274,0.0030269608687609425,0.00244233324123906,12.0,8.653476462955847e-14,507.9,6.307931515164063,509.13633186841867,506.66366813158135
2.5,0.7,Social,6.0,1724.79,216.96605399430248,1767.3145655050891,1682.2654344949108,0.0090158185,0.008213082024797714,0.010625553009765065,0.007406083990234937,0.002536391420000001,0.0016009824084194525,0.002850178208513543,0.0022226046314864586,12.0,8.875278531628984e-14,506.97,9.586923385528852,508.8490024706395,505.0909975293606
2.5,0.7,Social,8.0,1678.61,262.6133961902665,1730.081280245066,1627.1387197549338,0.012103852299999995,0.013437000846408831,0.014737456092693082,0.009470248507306912,0.0029292149399999987,0.002011167992459625,0.003323396626317313,0.002535033253682685,12.0,9.219758159097896e-14,504.5,11.669190203266034,506.7871192707554,502.2128807292446
2.5,0.7,Social,10.0,1644.06,321.2877441569388,1707.031241218881,1581.0887587811192,0.010799258360000005,0.009258192893281754,0.012613830837588809,0.008984685882411195,0.00278793388,0.0017286127653962859,0.003126735759011717,0.002449132000988284,12.0,7.928001973874892e-14,501.19,16.004183827986978,504.3267624152237,498.05323758477635
2.5,0.7,Social,12.0,1678.82,365.8949835538866,1750.534099554621,1607.1059004453791,0.01021036656,0.0090373905013754,0.011981662563663772,0.008439070556336227,0.00262134017,0.0014677356808686815,0.0029090110796018104,0.0023336692603981896,12.0,9.634321765896832e-14,501.01,19.199736977365077,504.7730793285105,497.2469206714895
2.5,0.7,Social,14.0,1513.92,448.01325016480524,1601.7289841846014,1426.1110158153988,0.012169896870000004,0.013336452899151443,0.01478379362700325,0.009556000112996758,0.003068134066999997,0.002010205484358248,0.00346212710519447,0.0026741410288055245,12.0,8.209806193656891e-14,486.72,33.23825506852007,493.23457833571166,480.20542166428834
2.5,0.7,Social,16.0,1559.62,531.5582729821423,1663.803507894717,1455.436492105283,0.017231340900000003,0.025470438526506458,0.022223455157616576,0.012239226642383432,0.0035743299570000007,0.0031180950251303513,0.00418546535678346,0.0029631945572165413,12.0,8.958807400683298e-14,486.17,34.9476909108456,493.01962160683854,479.3203783931616
2.5,0.7,Social,18.0,1512.18,651.4834413424753,1639.8684091627365,1384.4915908372634,0.01492474572,0.01668237666843933,0.0181944314904581,0.011655059949541895,0.0038085007799999993,0.003066713523427021,0.0044095655904230115,0.0032074359695769875,12.0,9.056414923976132e-14,472.2,54.59578738327711,482.90057778228766,461.49942221771227
2.5,0.7,Social,20.0,1561.18,751.8364637890531,1708.537240291385,1413.8227597086152,0.01835102581999999,0.024427858540547232,0.023138798153656503,0.01356325348634348,0.0040166203800000005,0.0031242049014263908,0.0046289532935419285,0.0034042874664580738,12.0,9.279550745461673e-14,464.97,75.30092363311357,479.7287099487652,450.21129005123487
2.5,0.7,Social,22.0,1376.14,636.3481040240079,1500.861937535531,1251.4180624644694,0.0252204881,0.02836019565453202,0.030778984351583917,0.01966199184841608,0.00504176471,0.003994051101672874,0.005824584347343917,0.004258945072656084,12.0,8.671463658241804e-14,453.84,81.93298725177793,469.8985705425943,437.78142945740564
2.5,0.7,Social,24.0,1198.58,805.3611672392516,1356.4278894786912,1040.7321105213086,0.027492557666666667,0.03956176901742383,0.03524652197171328,0.019738593361620062,0.005299742377777778,0.005467484208147788,0.006371349599631595,0.004228135155923961,12.0,8.562828470434375e-14,398.24,157.28478120911763,429.06725089177473,367.41274910822534
2.5,0.7,Social,0.0,1913.81,35.38809221626776,1920.7459386772564,1906.8740613227435,0.0093641519,0.007162966659605331,0.01076806757860267,0.007960236221397328,0.0025880399800000003,0.0013629982587618807,0.0028551827319235968,0.002320897228076403,13.0,0.0,515.63,3.1004999596839213,516.2376868302981,515.0223131697019
2.5,0.7,Social,2.0,1924.64,68.99634304465239,1938.163034849917,1911.1169651500834,0.00921498985,0.005567280690654225,0.01030615682315774,0.008123822876842258,0.0024597827980000005,0.0011903671673769351,0.002693090477484077,0.0022264751185159235,13.0,1.0312851474871093e-13,515.65,4.087480886805465,516.4511315388827,514.8488684611174
2.5,0.7,Social,4.0,1910.59,127.57537641201246,1935.5943145053996,1885.5856854946005,0.0085411192,0.00745283592160288,0.010001848210424848,0.007080390189575155,0.00246831431,0.0013952151347587122,0.002741771453638222,0.0021948571663617774,13.0,1.0309570852279833e-13,514.8,4.857983120596447,515.7521472028976,513.8478527971023
2.5,0.7,Social,6.0,1847.41,205.98441124698658,1887.782203060529,1807.0377969394715,0.008225591490000001,0.006830278481033587,0.00956430148328005,0.006886881496719947,0.0024992662199999995,0.0013000827952975994,0.002754077767580266,0.0022444546724197326,13.0,9.235124247777498e-14,512.01,6.882579458313574,513.3589607965433,510.66103920345665
2.5,0.7,Social,8.0,1884.05,260.9159613532466,1935.1885891277757,1832.9114108722245,0.009312938110000005,0.00825114872041698,0.010930133555066338,0.007695742664933669,0.0026430121650000003,0.0017246538538574162,0.0029810381116021803,0.0023049862183978213,13.0,1.0456104329722707e-13,512.79,9.099774722486266,514.5735230864183,511.0064769135817
2.5,0.7,Social,10.0,1883.72,338.7574466735273,1950.1152400212036,1817.3247599787967,0.00799096387,0.005614492642689224,0.009091384215793571,0.0068905435242064255,0.0024059629500000003,0.0012043980647362534,0.002642020634855273,0.002169905265144727,13.0,1.0091067792061007e-13,510.88,10.930946894025238,513.0224262398201,508.7375737601799
2.5,0.7,Social,12.0,1784.62,404.7197753577857,1863.9436189789346,1705.2963810210654,0.00904923219,0.007468627615515036,0.010513056315581531,0.007585408064418471,0.00254694019,0.0014801094542136741,0.0028370363146318447,0.0022568440653681545,13.0,9.460550124617982e-14,505.41,17.19889240619872,508.78092099560234,502.03907900439776
2.5,0.7,Social,14.0,1802.03,465.3069249908543,1893.2284821932774,1710.8315178067223,0.01095738504,0.010154043231152272,0.012947540958750213,0.008967229121249786,0.002826655511999998,0.001651976935564025,0.003150437044253579,0.0025028739797464173,13.0,9.978509740306764e-14,503.62,20.550805337017817,507.64788386315627,499.59211613684374
2.5,0.7,Social,16.0,1760.28,553.5235175170468,1868.768616748678,1651.7913832513218,0.0121792366,0.009240543509068628,0.013990349861820815,0.010368123338179179,0.0030994669700000004,0.001757405232610285,0.003443912068932779,0.0027550218710672217,13.0,1.074602365620342e-13,498.08,30.5347932693182,504.06470955553056,492.09529044446936
2.5,0.7,Social,18.0,1734.95,626.621409955119,1857.7655405141275,1612.1344594858724,0.013185942050000002,0.013230623586101671,0.015779096642631017,0.01059278745736898,0.002991558630000001,0.002131691625113701,0.0034093625144324354,0.0025737547455675657,13.0,1.0394427891841174e-13,493.34,35.538210422023226,500.305361305159,486.37463869484094
2.5,0.7,Social,20.0,1657.2,696.4146999765545,1793.6947741024846,1520.7052258975152,0.013898255400000002,0.013999483879316377,0.016642103842204044,0.011154406957795958,0.0034209036380000004,0.0026217246189125273,0.003934752225098228,0.002907055050901773,13.0,9.941226274478973e-14,482.24,48.577797397576596,491.76107340985436,472.71892659014566
2.5,0.7,Social,22.0,1742.44,739.5915105139067,1887.3972735312882,1597.482726468712,0.014237754839999997,0.02038011808284841,0.01823218461581319,0.010243325064186808,0.00309958956,0.0025468241083416035,0.0035987579166681647,0.002600421203331836,13.0,1.1623258372572605e-13,484.64,56.05506578356678,495.62659109534223,473.65340890465774
2.5,0.7,Social,24.0,1556.13,747.7532361155063,1702.6869423669891,1409.5730576330109,0.01470751321,0.01586480502050611,0.017816957880721122,0.011598068539278876,0.0034775496080000005,0.002409566872287225,0.003949816040527556,0.003005283175472445,13.0,1.0376593697773287e-13,467.11,65.62497923809195,479.9722596807408,454.24774031925926
2.5,0.7,Social,26.0,1450.67,824.7069519936563,1612.3095936457294,1289.0304063542706,0.01622239946875,0.027565220754905743,0.02162508350191681,0.010819715435583192,0.0037623163229166673,0.0047763672433076545,0.0046984671076828926,0.002826165538150443,13.0,1.1566393877490705e-13,438.1,120.31122142177763,461.6805662782713,414.51943372172866
2.5,0.7,Social,0.0,2085.01,39.7188337892209,2092.794748434886,2077.2252515651144,0.007912229970000005,0.005588760771556739,0.009007606961686345,0.00681685297831366,0.0022469996610000004,0.0010437833264862193,0.002451577435371324,0.0020424218866286767,14.0,0.0,519.16,2.81680670263332,519.712083973212,518.6079160267881
2.5,0.7,Social,2.0,2080.67,81.15169173040739,2096.5754394330693,2064.7645605669304,0.007374308829999999,0.005455261643649738,0.00844352047321343,0.006305097186786567,0.0022027785199999986,0.001180211961313999,0.0024340958156544817,0.001971461224345516,14.0,1.1340748025739854e-13,519.01,3.721545377931055,519.7394094965111,518.2805905034888
2.5,0.7,Social,4.0,2094.75,151.25637978030025,2124.395705913972,2065.1042940860284,0.008288620529999999,0.0065376931397507524,0.009569984849695843,0.007007256210304156,0.002348338200000001,0.0012528464296402018,0.002593891589962333,0.002102784810037668,14.0,1.0103951407087808e-13,518.89,4.2682431983194205,519.726560301195,518.0534396988048
2.5,0.7,Social,6.0,2090.87,216.03547478050075,2133.212175329269,2048.5278246707308,0.008360236859999998,0.0059395206790209,0.00952436153081365,0.007196112189186346,0.0024072211500000013,0.0012398148594063613,0.002650220399110154,0.002164221900889848,14.0,1.0598375491192799e-13,518.96,5.209452946327474,519.9810340234496,517.9389659765503
2.5,0.7,Social,8.0,2046.88,282.18262873464766,2102.1867793745278,1991.5732206254727,0.007380166270000001,0.005262989091479836,0.00841169318516932,0.006348639354830683,0.0023015545899999997,0.001313858618125846,0.00255906614926164,0.0020440430307383586,14.0,9.902890660435976e-14,515.84,8.2990601877562,517.4665859201834,514.2134140798165
2.5,0.7,Social,10.0,1981.33,318.2621705322818,2043.7082396805133,1918.9517603194863,0.009215315049999995,0.008307972325549341,0.010843647717107292,0.007586982382892697,0.0025547572000000013,0.0015532079033386212,0.002859180357505919,0.0022503340424940834,14.0,9.839493753133252e-14,514.87,8.78254518918064,516.5913472399168,513.1486527600831
2.5,0.7,Social,12.0,1953.65,374.2485366326997,2027.0013658852772,1880.298634114723,0.008873654790000001,0.006332378754940318,0.010114778229404785,0.007632531350595216,0.0024137810100000002,0.0013368518891841471,0.002675799167613292,0.002151762852386708,14.0,1.0591139418876649e-13,512.46,12.173265790247084,514.8459162711316,510.07408372886846
2.5,0.7,Social,14.0,2100.1,498.07527523254936,2197.720960874589,2002.479039125411,0.008254920139999998,0.0072419721542982905,0.009674320611142708,0.006835519668857289,0.0023967214709999986,0.001562661801489863,0.0027029975585095268,0.0020904453834904714,14.0,1.1440504902984302e-13,513.69,15.184001448893506,516.6660096215779,510.71399037842207
2.5,0.7,Social,16.0,1860.87,556.5836021314464,1969.958382316796,1751.781617683204,0.008922674719999999,0.007599389643654202,0.010412127732353506,0.007433221707646494,0.002614167650000001,0.0016166387717205938,0.002931023029357659,0.0022973122706423424,14.0,9.138584476560732e-14,504.14,22.99131140235372,508.6462142661402,499.6337857338597
2.5,0.7,Social,18.0,1896.6,640.691939715306,2022.1733136932169,1771.0266863067832,0.011046737620000005,0.009922838363261216,0.012991578216981095,0.009101897023018913,0.002713658999,0.0015967576293570193,0.0030266177460265093,0.00240070025197349,14.0,1.050467767299282e-13,502.66,27.082547886046466,507.9680818884928,497.35191811150736
2.5,0.7,Social,20.0,1891.13,679.2939836791038,2024.2691753427634,1757.990824657237,0.010454948300000004,0.009112965067850693,0.012241056646624494,0.008668839953375513,0.002754932580000001,0.0015492845923115626,0.0030585867826685344,0.002451278377331467,14.0,1.0537306789080219e-13,500.24,31.21990390760356,506.3589887742362,494.12101122576377
2.5,0.7,Social,22.0,1830.77,712.8260424308843,1970.4813381427005,1691.0586618572995,0.010037802080000002,0.008945360467441352,0.011791060528320824,0.00828454363167918,0.002568312860000001,0.0015048473877377773,0.002863257530546009,0.002273368189453992,14.0,1.1055166984906628e-13,493.2,40.31228100715711,501.1010619531912,485.29893804680876
2.5,0.7,Social,24.0,1840.54,836.1819967669549,2004.4286611111347,1676.6513388888654,0.01189120203,0.013968709569698808,0.014629018818306512,0.009153385241693485,0.0031611763000000005,0.002350805828681936,0.0036219257795206774,0.002700426820479325,14.0,1.140708423522466e-13,486.03,56.30549795535069,497.06567489945604,474.9943251005439
2.5,0.7,Social,26.0,1801.69,900.0851665090903,1978.1034523291823,1625.2765476708178,0.01079970156,0.013278084536956851,0.01340215832813921,0.00819724479186079,0.00287562932,0.002401251493535738,0.003346265968227628,0.002404992671772372,14.0,1.1673228509511336e-13,472.42,83.75120058840947,488.8349338110062,456.00506618899385
2.5,0.7,Social,28.0,1552.96,802.3884663360327,1710.2252508033835,1395.6947491966166,0.015532853595959597,0.02576338795498264,0.02058238488693956,0.010483322304979635,0.0039230443303030285,0.004125177207119535,0.004731564212260514,0.003114524448345546,14.0,1.1869902039288809e-13,458.83,89.85555686767513,476.44136566605965,441.2186343339404
2.5,0.7,Social,0.0,2258.47,41.74512733919561,2266.651894676024,2250.288105323976,0.006978606049999999,0.0045246502970055676,0.00786542121947202,0.0060917908805279775,0.002187205165,0.0010965156438537645,0.00240211828373902,0.0019722920462609795,15.0,0.0,521.95,2.896118091514916,522.5176287199118,521.3823712800884
2.5,0.7,Social,2.0,2269.66,83.87354840002969,2286.098913541632,2253.221086458368,0.007309203069999998,0.004398704900106746,0.008171333395083281,0.006447072744916718,0.002402413179999999,0.0011618781180271149,0.002630137108372089,0.0021746892516279095,15.0,1.1903285186913554e-13,521.53,2.8441343146905,522.0874400867958,520.9725599132041
2.5,0.7,Social,4.0,2271.26,148.98651691419,2300.4608209637204,2242.05917903628,0.0083587081,0.006899285118044629,0.009710943145710324,0.007006473054289678,0.0023471101000000004,0.0013393843450540135,0.002609624609846945,0.002084595590153056,15.0,1.1564905003727604e-13,521.9,3.3600595232822883,522.5585595703491,521.2414404296509
2.5,0.7,Social,6.0,2253.66,213.14983680334572,2295.436600674044,2211.8833993259564,0.006997333519999999,0.004848189894227864,0.00794756128578504,0.006047105754214957,0.0021438941599999997,0.0011533839931949367,0.002369953270483831,0.001917835049516167,15.0,1.15887314019827e-13,521.07,4.382362376618347,521.9289272493127,520.2110727506874
2.5,0.7,Social,8.0,2183.06,270.59779762741624,2236.096194182902,2130.023805817098,0.0084861012,0.00652145864483766,0.009764283617137059,0.007207918782862941,0.002491485320000001,0.0013467694831393875,0.0027554472903251817,0.0022275233496748207,15.0,1.0535382724787452e-13,519.94,5.0573115387525815,520.931214855274,518.9487851447261
2.5,0.7,Social,10.0,2194.57,346.6971506119199,2262.5213934101944,2126.618606589806,0.00801641545,0.005798302850577025,0.009152861934822834,0.006879968965177165,0.00233689101,0.0012454189242816973,0.0025809886356510854,0.002092793384348915,15.0,1.0405413149779867e-13,519.34,6.26453509847299,520.5678263269743,518.1121736730256
2.5,0.7,Social,12.0,2235.45,407.88407877382485,2315.393811056986,2155.5061889430135,0.008596892960000001,0.006383219362407432,0.009847980975442152,0.00734580494455785,0.00240787425,0.001083880700857675,0.0026203109653975807,0.002195437534602418,15.0,1.100053999603309e-13,518.97,7.99056318415667,520.5361216180671,517.4038783819328
2.5,0.7,Social,14.0,2214.59,474.7223344740426,2307.6338685565083,2121.546131443492,0.008246065920000005,0.005286619361318762,0.00928222428298878,0.007209907557011227,0.0024258039100000005,0.0010744235935224989,0.0026363870664054736,0.0022152207535945274,15.0,1.170787863477836e-13,517.7,10.466613587975816,519.7514185834343,515.6485814165657
2.5,0.7,Social,16.0,2140.41,510.1453168886629,2240.3966455870373,2040.4233544129627,0.008697234199999997,0.005219825058112517,0.009720301120019842,0.007674167279980153,0.0025814778700000013,0.0012060791716618016,0.002817865045760696,0.0023450906942393056,15.0,1.1441161181429407e-13,515.3,14.341896666759247,518.1109601158568,512.4890398841433
2.5,0.7,Social,18.0,2022.73,617.0510162593257,2143.6697778031694,1901.7902221968307,0.009855209439999995,0.008737466930188384,0.011567721503435971,0.008142697376564022,0.00254193168,0.0014383971941527216,0.002823852351824035,0.0022600110081759657,15.0,1.0077587363935021e-13,509.79,17.99738592129424,513.3174228499844,506.2625771500157
2.5,0.7,Social,20.0,2080.8,672.7107833086951,2212.6488917696847,1948.9511082303159,0.0099511525,0.007208922794422491,0.011364075415584743,0.00853822958441525,0.002641725399999999,0.0013222687319538295,0.0029008853112955147,0.002382565488704483,15.0,1.14569523248389e-13,509.62,20.794124170063046,513.6955734784854,505.5444265215146
2.5,0.7,Social,22.0,1929.56,791.9098168224701,2084.771473221864,1774.3485267781366,0.009484132969999998,0.008340162229683198,0.011118774742433878,0.007849491197566118,0.00237211776,0.001191057343218957,0.00260556071146448,0.00213867480853552,15.0,1.1537005385947936e-13,497.77,35.93851833339822,504.8138202146801,490.7261797853199
2.5,0.7,Social,24.0,1883.87,803.3928389252444,2041.3321042151279,1726.4078957848722,0.0098049991,0.010719091407144138,0.011905902427071185,0.007704095772928814,0.0025940078699999997,0.0017157035995679078,0.002930279598982352,0.0022577361410176487,15.0,1.2036925474464442e-13,492.15,49.11402549170654,501.77617218588273,482.5238278141173
2.5,0.7,Social,26.0,1826.77,782.5073511772681,1980.1386238042803,1673.4013761957196,0.010223176209999994,0.010119994318775813,0.012206658664500505,0.008239693755499482,0.002914903779999999,0.001954698446532952,0.0032980176386060503,0.002531789921393948,15.0,1.4052346003698324e-13,489.59,43.65503292863264,498.1462292958934,481.03377070410653
2.5,0.7,Social,28.0,1892.68,915.6151752187757,2072.1372781282494,1713.2227218717508,0.009159343479999995,0.009181316211883882,0.010958848404790871,0.007359838555209117,0.0026051539500000003,0.0020450561748099807,0.0030059775980605273,0.0022043303019394734,15.0,1.1472234326631069e-13,482.57,66.90026233132424,495.68221057599516,469.45778942400483
2.5,0.7,Social,30.0,1615.0,929.4343995303286,1797.1657963441062,1432.8342036558938,0.011729494122448982,0.015178456241056909,0.01470441690325367,0.008754571341644295,0.0029303125102040826,0.0027356749046335387,0.0034664949430825995,0.0023941300773255656,15.0,1.3801424370900747e-13,450.62,108.63634566755272,471.91233265999585,429.3276673400041
